{"cameraMode":{"drawMode":0,"name":"Shaded","section":"Shading Mode"},"sceneLighting":true,"audioPlay":false,"sceneViewState":{"m_AlwaysRefresh":false,"showFog":true,"showSkybox":true,"showFlares":true,"showImageEffects":true,"showParticleSystems":true,"showVisualEffectGraphs":true,"m_FxEnabled":true},"in2DMode":false,"pivot":{"x":-2.303607225418091,"y":-32.42100524902344,"z":12.189287185668946},"rotation":{"x":-0.4928615689277649,"y":-0.010705268941819668,"z":0.0060607632622122768,"w":-0.8700377345085144},"size":28.590660095214845,"orthographic":false}